snowheart89#9912,0
anipanman#6259,0
TheBlazingJay#7474,0
Vert#5288,0
Bunny#3523,0
Groovy#7254,0
loaf#5088,0
Pokétwo#8236,0
Reaction Roles#8423,0
Rythm#3722,0
snufflebutt#8463,0
Mellѳw#0310,0
An/Steve#8057,0
ben4486#8423,0
gerphlhogan#9556,0
myriadium#8800,0
Killerbrian0#8268,0
EpicEric#0123,0
Eric20#0721,0
Ezra#9331,0
Joshdagreat#5248,0
CabbageBoy#4343,0
jacobybryant#7240,0
mawfle#2325,0
hey guys its me#9994,0
tben#2657,0
OnlyMaeko#8729,0
OnlyMaekoRecording#4468,0
Possibly Jason#9766,0
Postboy#2044,0
Topologicninja#6651,0
raw chicken white boy henny#5602,0
spider_jesus#6969,0
SirVada#6133,0
Caleeb#4682,0
wheezydinosaur#9110,0
zoobthenoob#0949,0
cerisel#7349,0
Shawn#6324,0
tobeee#2848,0
